{
  "train_losses": [
    0.3305282947602705,
    0.1419119787661924,
    0.09308721337916877,
    0.07510696149249306,
    0.06906043921451928,
    0.031132825406512073,
    0.025290979783106318,
    0.026834041875597688,
    0.0240555330669329,
    0.031033732189771672
  ],
  "val_accuracies": [
    92.09891435464415,
    94.8130277442702,
    93.6670687575392,
    98.19059107358262,
    98.0096501809409,
    98.854041013269,
    99.09529553679131,
    98.61278648974668,
    99.1556091676719,
    98.91435464414958
  ],
  "best_val_accuracy": 99.1556091676719,
  "epochs": 10,
  "learning_rate": 0.0001,
  "batch_size": 16
}